<?xml version="1.0" encoding="ISO-8859-1" standalone="no"?>
<biblioteca>
    <llibre id="1">
        <titol>Romeo i Julieta</titol>
        <autor>Shakespeare</autor>
        <any>1597</any>
        <editorial>planeta</editorial>
        <pagines>430</pagines>
    </llibre>
    <llibre id="2">
        <titol>Don Quijote</titol>
        <autor>Cervantes</autor>
        <any>1605</any>
        <editorial>Salamandra</editorial>
        <pagines>350</pagines>
    </llibre>
    <llibre id="3">
        <titol>El italiano</titol>
        <autor>Perez-Reverte</autor>
        <any>2021</any>
        <editorial>Destino</editorial>
        <pagines>530</pagines>
    </llibre>
    <llibre id="4">
        <titol>Asterix</titol>
        <autor>Goscinny</autor>
        <any>2021</any>
        <editorial>Salvat</editorial>
        <pagines>70</pagines>
    </llibre>
    <llibre id="5">
        <titol>Biblia</titol>
        <autor>Dios</autor>
        <any>2005</any>
        <editorial>Siruela</editorial>
        <pagines>764</pagines>
    </llibre>
    <llibre id="6">
        <titol>titulo</titol>
        <autor>yo</autor>
        <any>2021</any>
        <editorial>florida</editorial>
        <pagines>580</pagines>
    </llibre>
</biblioteca>
